{
  "claude": {
    "overall": {
      "line": {
        "per_run": [
          74.99833333333333,
          76.085,
          74.17666666666668
        ],
        "mean": 75.08666666666666,
        "std": 0.9572283484681676
      },
      "branch": {
        "per_run": [
          66.5709090909091,
          67.13909090909091,
          65.53545454545454
        ],
        "mean": 66.41515151515152,
        "std": 0.8130853051793693
      },
      "compile_error_rate": {
        "per_run": [
          16.666666666666668,
          8.333333333333334,
          8.333333333333334
        ],
        "mean": 11.111111111111112,
        "std": 4.811252243246882
      }
    },
    "per_function": {
      "cJSON_Compare": {
        "line": {
          "runs": [
            84.62,
            84.62,
            84.62
          ],
          "mean": 84.62,
          "std": 0.0
        },
        "compile_error": {
          "runs": [
            0.0,
            0.0,
            0.0
          ],
          "mean": 0.0,
          "std": 0.0
        },
        "branch": {
          "runs": [
            81.25,
            79.17,
            81.25
          ],
          "mean": 80.55666666666667,
          "std": 1.2008885599144206
        }
      },
      "cJSON_Minify": {
        "line": {
          "runs": [
            95.83,
            95.83,
            87.5
          ],
          "mean": 93.05333333333333,
          "std": 4.8093277423495815
        },
        "compile_error": {
          "runs": [
            0.0,
            0.0,
            0.0
          ],
          "mean": 0.0,
          "std": 0.0
        },
        "branch": {
          "runs": [
            91.67,
            91.67,
            75.0
          ],
          "mean": 86.11333333333334,
          "std": 9.624428987391061
        }
      },
      "compare_pointers": {
        "line": {
          "runs": [
            0.0,
            0.0,
            0.0
          ],
          "mean": 0.0,
          "std": 0.0
        },
        "compile_error": {
          "runs": [
            100.0,
            100.0,
            100.0
          ],
          "mean": 100.0,
          "std": 0.0
        },
        "branch": {
          "runs": [
            0.0,
            0.0,
            0.0
          ],
          "mean": 0.0,
          "std": 0.0
        }
      },
      "csv_clear_row": {
        "line": {
          "runs": [
            76.47,
            76.47,
            70.59
          ],
          "mean": 74.51,
          "std": 3.3948195828349967
        },
        "compile_error": {
          "runs": [
            0.0,
            0.0,
            0.0
          ],
          "mean": 0.0,
          "std": 0.0
        },
        "branch": {
          "runs": [
            70.0,
            70.0,
            60.0
          ],
          "mean": 66.66666666666667,
          "std": 5.773502691896257
        }
      },
      "csv_get_field": {
        "line": {
          "runs": [
            93.75,
            93.75,
            93.75
          ],
          "mean": 93.75,
          "std": 0.0
        },
        "compile_error": {
          "runs": [
            0.0,
            0.0,
            0.0
          ],
          "mean": 0.0,
          "std": 0.0
        },
        "branch": {
          "runs": [
            91.67,
            91.67,
            91.67
          ],
          "mean": 91.67,
          "std": 0.0
        }
      },
      "csv_get_height": {
        "line": {
          "runs": [
            100.0,
            100.0,
            100.0
          ],
          "mean": 100.0,
          "std": 0.0
        },
        "compile_error": {
          "runs": [
            0.0,
            0.0,
            0.0
          ],
          "mean": 0.0,
          "std": 0.0
        },
        "branch": null
      },
      "csv_insert_field": {
        "line": {
          "runs": [
            100.0,
            100.0,
            100.0
          ],
          "mean": 100.0,
          "std": 0.0
        },
        "compile_error": {
          "runs": [
            0.0,
            0.0,
            0.0
          ],
          "mean": 0.0,
          "std": 0.0
        },
        "branch": {
          "runs": [
            83.33,
            83.33,
            83.33
          ],
          "mean": 83.33,
          "std": 0.0
        }
      },
      "csv_remove_row": {
        "line": {
          "runs": [
            100.0,
            100.0,
            100.0
          ],
          "mean": 100.0,
          "std": 0.0
        },
        "compile_error": {
          "runs": [
            0.0,
            0.0,
            0.0
          ],
          "mean": 0.0,
          "std": 0.0
        },
        "branch": {
          "runs": [
            100.0,
            100.0,
            100.0
          ],
          "mean": 100.0,
          "std": 0.0
        }
      },
      "csv_set_field": {
        "line": {
          "runs": [
            0.0,
            0.0,
            0.0
          ],
          "mean": 0.0,
          "std": 0.0
        },
        "compile_error": {
          "runs": [
            100.0,
            0.0,
            0.0
          ],
          "mean": 33.333333333333336,
          "std": 57.735026918962575
        },
        "branch": {
          "runs": [
            0.0,
            0.0,
            0.0
          ],
          "mean": 0.0,
          "std": 0.0
        }
      },
      "parse_hex4": {
        "line": {
          "runs": [
            100.0,
            100.0,
            100.0
          ],
          "mean": 100.0,
          "std": 0.0
        },
        "compile_error": {
          "runs": [
            0.0,
            0.0,
            0.0
          ],
          "mean": 0.0,
          "std": 0.0
        },
        "branch": {
          "runs": [
            81.25,
            81.25,
            93.75
          ],
          "mean": 85.41666666666667,
          "std": 7.216878364870322
        }
      },
      "parse_number": {
        "line": {
          "runs": [
            84.09,
            84.09,
            84.09
          ],
          "mean": 84.09,
          "std": 0.0
        },
        "compile_error": {
          "runs": [
            0.0,
            0.0,
            0.0
          ],
          "mean": 0.0,
          "std": 0.0
        },
        "branch": {
          "runs": [
            72.0,
            72.0,
            72.0
          ],
          "mean": 72.0,
          "std": 0.0
        }
      },
      "parse_string": {
        "line": {
          "runs": [
            65.22,
            78.26,
            69.57
          ],
          "mean": 71.01666666666667,
          "std": 6.6392795793921335
        },
        "compile_error": {
          "runs": [
            0.0,
            0.0,
            0.0
          ],
          "mean": 0.0,
          "std": 0.0
        },
        "branch": {
          "runs": [
            61.11,
            69.44,
            63.89
          ],
          "mean": 64.81333333333333,
          "std": 4.241065117789789
        }
      }
    }
  },
  "qwen": {
    "overall": {
      "line": {
        "per_run": [
          44.44416666666666,
          44.44416666666666,
          44.44416666666666
        ],
        "mean": 44.44416666666666,
        "std": 0.0
      },
      "branch": {
        "per_run": [
          35.60636363636364,
          35.60636363636364,
          35.60636363636364
        ],
        "mean": 35.60636363636364,
        "std": 0.0
      },
      "compile_error_rate": {
        "per_run": [
          25.0,
          25.0,
          25.0
        ],
        "mean": 25.0,
        "std": 0.0
      }
    },
    "per_function": {
      "cJSON_Compare": {
        "line": {
          "runs": [
            75.0,
            75.0,
            75.0
          ],
          "mean": 75.0,
          "std": 0.0
        },